[
  {
    "id": 1,
    "login": "Nodir",
    "password": "1222",
    "contacts": [
      {
        "name": "Anvar",
        "phone": "991234567"
      },
      {
        "name": "Alisher",
        "phone": "909876543"
      },
      {
        "name": "Zokir",
        "phone": "906542873"
      },
      {
        "name": "Odil",
        "phone": "928153376"
      }
    ]
  },
  {
    "id": 2,
    "login": "Asror",
    "password": "qwerty",
    "contacts": [
      {
        "name": "Anvar",
        "phone": "991234567"
      },
      {
        "name": "Alisher",
        "phone": "909876543"
      }
    ]
  }
]